key,en,zh-CN
battle.war_entrance,War approaches,战争降临
trait.war_charge.name,Tyrant's charge,暴君冲锋
trait.war_charge.description,"Moves normally during a 5-second attack cooldown. When ready, locks the enemy's current position and immediately charges in that direction without stepping back. Impact causes no damage. Slowly winds up then completes a rapid 180-degree sweep when an enemy enters range or the charge ends. Deals 10 damage with heavy knockback.","攻击冷却5秒，冷却期间正常移动。冷却结束后锁定敌人当前位置，直接向该方向直线冲锋，不再后撤，冲撞不造成伤害。冲锋中缓慢起剑，敌人进入剑刃范围或冲锋结束时，瞬间完成180°横扫，造成10点伤害和强力击退。"
battle.war_moving,Moving normally,正常移动
battle.war_rushing,Charging in the locked direction,锁定方向冲锋
battle.war_sweeping,180-degree greatsword sweep,巨剑180°横扫
battle.war_recovering,Recovering the greatsword,横扫收势
battle.war_cooldown_remaining,Charge ready in {seconds}s,冲锋冷却 {seconds} 秒
battle.war_locked_direction,Direction locked · No impact damage,方向已锁定 · 冲撞无伤害
battle.war_knockback,Greatsword hit · Heavy knockback,巨剑命中 · 强力击退
battle.war_pierce,The blade pierces the veil,巨剑刺穿帷幕
battle.war_hold,The blade holds the breach,巨剑停驻裂痕
battle.war_slash,The blade cuts downward,巨剑下划拉长裂痕
battle.war_withdraw,The blade vanishes behind the screen,巨剑隐入裂痕
battle.war_open,The seam opens into darkness,裂痕张开露出黑暗
battle.war_emerge,War emerges from the darkness,战争踏出黑暗
battle.war_roar,War roars,战争咆哮
battle.war_horse,The warhorse charges in,战马奔入战场
battle.war_mount,War takes the saddle,战争与战马合体
customization.fighter_count,Fighter count,参战人数
battle.companion_name,Companion Wolf,伙伴狼
meta.language_name,English,简体中文
app.title,Arena Duel · Battle Prototype,角色对决 · 战斗原型
app.heading,Arena Duel,角色对决
app.tagline,BLACK / WHITE · ARENA DUEL,BLACK / WHITE · 黑白对决
accessibility.language,Language,语言
accessibility.theme,Theme,主题
theme.system,System,跟随系统
theme.light,Light,浅色
theme.dark,Dark,深色
accessibility.stage,Character selection and battlefield,角色选择与战场
accessibility.battlefield,Square battlefield,正方形战场
accessibility.side_left,Left character,左方角色
accessibility.side_right,Right character,右方角色
accessibility.character_select,Character selection panel,角色选择板
accessibility.category_rail,Character categories,角色分类
accessibility.categories_up,Scroll categories up,分类向上滚动
accessibility.categories_down,Scroll categories down,分类向下滚动
accessibility.character_types,Character types,角色种类
accessibility.roster,Character portraits,角色头像
accessibility.portrait,{name} portrait,{name}立绘
accessibility.health,{name} health,{name}血量
accessibility.cooldown,{name} attack cooldown,{name}攻击CD
customization.expand,Expand or collapse match settings,展开或收起对战设置
customization.eyebrow,Match Configuration,对战配置
customization.heading,Fighter & Arena Settings,角色与场地设置
customization.tabs,Settings sections,设置分类
customization.left_fighter,Left Fighter,左方角色
customization.right_fighter,Right Fighter,右方角色
customization.arena,Arena,场地
customization.match_rules,Match Rules,对战规则
customization.reset_tab,Reset Section,重置此项
customization.reset_all,Reset All,全部重置
customization.advanced_tuning,Advanced Tuning,高级调节
customization.detailed_tuning,Detailed Tuning,详细调节
customization.visual_tuning,Visual Settings,视觉设置
customization.weapon_tuning,Weapon Mechanics,武器机制
customization.sword_width,Sword Hitbox Width,剑的命中宽度
customization.sword_active,Sword Hit Window,剑的命中时间
customization.arrow_radius,Arrow Hitbox Radius,箭矢命中半径
customization.arrow_windup,Arrow Shot Windup,箭矢发射前摇
customization.adjustment_step,Button step,按钮步进
customization.health,Health,生命值
customization.attack,Attack,攻击力
customization.attack_range,Attack Range,攻击范围
customization.attack_mode,Attack Mode {mode},第 {mode} 段攻击
customization.cooldown,Cooldown,冷却时间
customization.cooldown_mode,Cooldown Mode {mode},第 {mode} 段冷却
customization.movement_speed,Movement Speed,移动速度
customization.priest_prayer,Prayer,祈祷
customization.priest_mark_decay,Priest Mark Decay,牧师印记衰减
customization.priest_scaling,Prayer Scaling,祈祷数值
customization.priest_mark_cooldown,Mark Shot Cooldown,印记射击冷却
customization.priest_prayer_cooldown,Prayer Cooldown,祈祷冷却
customization.priest_prayer_duration,Prayer Channel Duration,祈祷引导时间
customization.priest_prayer_move_factor,Movement Speed While Praying,祈祷时移动速度
customization.priest_interrupt_lockout,Prayer Interruption Lockout,祈祷打断锁定
customization.priest_decay_floor,Mark Decay Floor,印记衰减下限
customization.priest_decay_interval,Mark Decay Interval,印记衰减间隔
customization.priest_decay_amount,Marks Decayed per Interval,每次衰减印记
customization.priest_mark_move_slow,Movement Speed Reduction per Priest Mark,每层牧师印记移动速度降低
customization.priest_mark_attack_slow,Attack Cooldown Increase per Priest Mark,每层牧师印记攻击冷却增加
customization.priest_base_heal,Prayer Base Heal,祈祷基础治疗
customization.priest_heal_per_mark,Prayer Heal per Mark,每层印记祈祷治疗
customization.priest_base_damage,Prayer Base Damage,祈祷基础伤害
customization.priest_damage_per_mark,Prayer Damage per Mark,每层印记祈祷伤害
customization.summon_companion,Companion Wolf,伙伴狼
customization.summon_pack,Command Pack,指挥狼群
customization.summon_companion_health,Companion Health,伙伴生命值
customization.summon_companion_speed,Companion Movement Speed,伙伴移动速度
customization.summon_bite_damage,Wolf Bite Damage,狼咬伤害
customization.summon_bite_range,Wolf Bite Range,狼咬距离
customization.summon_bite_cooldown,Wolf Bite Cooldown,狼咬冷却
customization.summon_respawn_delay,Companion Respawn Delay,伙伴重生延迟
customization.summon_meter_threshold,Bites Needed for Pack,狼群所需咬击次数
customization.summon_meter_per_bite,Command Meter per Bite,每次狼咬指挥值
customization.summon_pack_cooldown,Pack Cooldown,狼群冷却
customization.summon_pack_size,Charging Wolves,冲锋狼数量
customization.summon_charge_damage,Charge Damage,冲锋伤害
customization.summon_charge_speed,Charge Speed,冲锋速度
customization.summon_charge_lifetime,Charge Lifetime,冲锋持续时间
tooltip.companion_health,The permanent wolf is targetable and returns after it is defeated.,永久狼伙伴可被攻击，倒下后会返回。
tooltip.companion_speed,How quickly the wolf chases its owner's target.,狼伙伴追击主人目标的速度。
tooltip.bite_damage,Damage dealt by each successful wolf bite.,每次狼咬命中造成的伤害。
tooltip.bite_range,The wolf must be within this distance to bite.,狼伙伴必须在此距离内才能撕咬。
tooltip.bite_cooldown,Time the wolf waits between successful bites.,狼伙伴两次成功撕咬之间的等待时间。
tooltip.respawn_delay,Time before a defeated companion returns beside the Beastmaster.,伙伴狼被击败后在兽王身边重生所需的时间。
tooltip.meter_threshold,Command needed before the pack can be called. A full meter waits for the pack cooldown.,召唤狼群所需的指挥值。指挥值满后会等待狼群冷却结束。
tooltip.meter_per_bite,Command gained by each successful wolf bite.,每次成功狼咬获得的指挥值。
tooltip.pack_cooldown,Time after a pack charge before another full meter can call the pack.,狼群冲锋后，即使指挥值已满也需等待的时间。
tooltip.pack_size,Number of untargetable wolves released in each pack charge.,每次狼群冲锋释放的不可被攻击的狼数量。
tooltip.charge_damage,Damage each charging wolf deals to the first enemy it contacts.,每只冲锋狼对首先接触到的敌人造成的伤害。
tooltip.charge_speed,How quickly each charging wolf travels.,每只冲锋狼的移动速度。
tooltip.charge_lifetime,How long a charging wolf remains before disappearing if it does not hit.,冲锋狼未命中时保持存在的时间。
customization.set_character_default,Set as Character Default,设为角色默认值
customization.plate_reduction,Damage Reduction per Hit,每次命中伤害减免
customization.vine_every,Empowered Every Nth Arrow,每第 N 箭强化
customization.vine_root_duration,Vine Root Duration,藤蔓禁锢时间
customization.vine_slow_duration,Vine Slow Duration,藤蔓减速时间
customization.vine_slow_factor,Movement Speed Remaining,藤蔓后剩余移动速度
customization.units,arena units,场地单位
customization.units_per_second,arena units/s,场地单位/秒
customization.arena_size,Arena Size,场地尺寸
customization.fighter_size,Fighter Size,角色尺寸
customization.time_scale,Battle Time Scale,战斗时间倍率
customization.starting_distance,Starting Distance,初始距离
customization.projectile_speed,Projectile Speed,投射物速度
customization.projectile_speed_multiplier,Projectile Speed Multiplier,投射物速度倍率
customization.launch_delay,Launch Delay,出发延迟
customization.control_duration,Control Effect Duration Multiplier,控制效果持续时间倍率
customization.contact_stop_duration,Contact Stop Duration,接触停止时间
customization.collision,Collision Behavior,碰撞方式
customization.collision_bounce,Bounce,弹性反弹
customization.collision_stop,Stop on Contact,接触停止
customization.collision_pass,Pass Through,相互穿越
action.start,Start Battle,开始战斗
action.back,Back to Selection,返回选角
action.retry,Retry / 重试,重试 / Retry
arena.heading,Battlefield,对战场地
arena.field_label,Battle Arena,战斗场地
category.base,Base,基础
category.melee,Melee,近战
category.ranged,Ranged,远程
category.special,Special,特殊
category.defense,Defense,防御
category.healing,Healing,治疗
category.summon,Summon,召唤
category.control,Control,控制
category.mobility,Mobility,机动
category.apocalypse,Apocalypse,天启
character.warrior.name,Warrior,战士
character.archer.name,Archer,弓箭手
character.guardian.name,Guardian,盾卫士
character.mage.name,Mage,法师
character.priest.name,Priest,牧师
character.beastmaster.name,Beastmaster,兽王
character.necromancer.name,Necromancer,死灵法师
character.necromancer.role,Skeleton commander,骷髅统帅
character.artificer.name,Artificer,工匠
character.artificer.role,Turret engineer,炮塔工程师
character.war.name,War,战争
character.placeholder.portrait,Portrait pending,立绘预留
character.placeholder.avatar,Avatar pending,头像预留
trait.label,Trait,特性
trait.none,—,—
trait.plate.name,Plate Armor,板甲
trait.plate.description,Reduces each direct hit by 1 damage. A positive direct hit deals at least 0.001 HP.,每次直接命中的伤害减少 1 点。正值直接命中至少造成 0.001 点生命伤害。
trait.vine.name,Vine Arrow,藤箭
trait.vine.description,"Every fourth arrow is empowered. On hit, it roots the target for 2 seconds, then slows movement by 50% for 3 seconds. The target can still attack while rooted.",每发射 4 支箭，第 4 支强化为藤箭。命中后禁锢目标 2 秒，随后移动速度降低 50%，持续 3 秒。禁锢期间仍可攻击。
trait.prayer.name,Prayer of Judgment,审判祈祷
trait.prayer.description,"Mark enemies with harmless shots, then channel Prayer to consume marks for healing and judgment damage. Direct hits interrupt the channel.",用无伤害射击标记敌人，再引导祈祷消耗印记进行治疗和审判伤害。直接命中会打断引导。
trait.beastmaster.name,Wild Command,野性号令
trait.beastmaster.description,"A companion wolf bites to build command, then calls a burst of charging pack wolves.",伙伴狼通过撕咬积累指挥值，并召唤冲锋狼群。
trait.elemental_cycles.name,Elemental Cycles,元素循环
trait.elemental_cycles.description,The mage randomly chooses Ice Fire or Leech. The first two spells mark the enemy and the matching final spell consumes those marks.,法师会随机选择冰霜、火焰或汲取循环。前两次法术标记敌人，对应的终结技消耗这些印记。
stats.attack,Attack,攻击
stats.cooldown,Attack CD,攻击CD
stats.speed,Speed,速度
stats.health,Health,血量
unit.seconds_short,s,秒
unit.hp,HP,生命值
unit.damage_per_hit,damage per hit,伤害/次命中
unit.damage_per_second,damage/s,伤害/秒
unit.damage_per_mark,damage per mark,伤害/层印记
unit.hp_per_mark,HP per mark,生命值/层印记
unit.seconds_per_mark,s per mark,秒/层印记
unit.arena_units,arena units,场地单位
unit.arena_units_per_second,arena units/s,场地单位/秒
unit.percent,%,%
unit.percent_per_mark,% per mark,%/层印记
unit.multiplier,multiplier,倍率
unit.marks,marks,层印记
unit.arrows,arrows,箭
tooltip.help_for,Help: {label},帮助：{label}
tooltip.retry,Try loading the language data again.,再次尝试加载语言数据。
tooltip.allowed_range,Allowed range: {minimum} to {maximum}.,可用范围：{minimum} 至 {maximum}。
tooltip.current_value,Current effect: {value}.,当前效果：{value}。
tooltip.adjustment_step,Sets how much each − or + button press changes a value. Choose from 0.001 to 10 in the displayed unit.,设置每次按下 − 或 + 按钮时数值的变化量。按显示单位可选 0.001 至 10。
tooltip.health,Sets the maximum health the fighter can have.,设置角色的最大生命值。
tooltip.attack,Sets damage dealt by one direct hit.,设置一次直接命中的伤害。
tooltip.cooldown,Sets the time before this attack can be used again.,设置该攻击再次可用前的等待时间。
tooltip.movement_speed,Sets how far the fighter moves each second.,设置角色每秒移动的距离。
tooltip.projectile_speed,Sets how far this projectile travels each second before arena scaling.,设置该投射物在场地倍率前每秒移动的距离。
tooltip.attack_range,Sets the maximum distance at which this melee attack can connect.,设置该近战攻击能够命中的最大距离。
tooltip.damage_reduction,Subtracts this amount from each direct hit without reducing a positive hit below 0.001 HP.,从每次直接命中的伤害中减去该数值，正值命中至少造成 0.001 点生命伤害。
tooltip.empowered_arrow,Sets how often an arrow becomes a Vine Arrow.,设置藤蔓箭出现的频率。
tooltip.every_arrow,Every {value} is empowered.,每 {value} 会获得强化。
tooltip.root_duration,Sets how long the target cannot move after the Vine Arrow hits.,设置藤蔓箭命中后目标无法移动的时长。
tooltip.slow_duration,Sets how long the movement-speed effect lasts.,设置移动速度效果持续的时长。
tooltip.movement_remaining,Sets the percentage of normal movement speed that remains while the effect is active.,设置效果生效时保留的正常移动速度百分比。
tooltip.movement_remaining_example,This leaves {remaining}% of normal movement speed.,这会保留 {remaining}% 的正常移动速度。
tooltip.mark_duration,Sets how long one elemental mark remains on the target.,设置一层元素印记在目标身上保留的时长。
tooltip.max_marks,Sets the maximum number of elemental marks that can be held.,设置可保留的元素印记上限。
tooltip.damage_per_mark,Adds this much damage for every consumed elemental mark.,每消耗一层元素印记增加这么多伤害。
tooltip.per_mark_total,At three marks this contributes {total} in addition to the base effect.,三层印记时这会在基础效果之外额外贡献 {total}。
tooltip.freeze_duration,Sets the base duration of the Ice final-spell freeze.,设置冰系终结技冻结的基础时长。
tooltip.freeze_per_mark,Adds this much freeze time for every consumed Ice mark.,每消耗一层冰系印记增加这么多冻结时间。
tooltip.burst_damage,Sets the bonus direct damage from a fully marked burst.,设置满印记爆发的额外直接伤害。
tooltip.effect_radius,Sets the radius of this area effect.,设置该范围效果的半径。
tooltip.damage_over_time,Sets damage applied continuously while the effect lasts.,设置效果持续期间连续造成的伤害。
tooltip.dot_total,At the paired duration this uses a rate of {value}.,在配套持续时间内当前速率为 {value}。
tooltip.burn_duration,Sets how long the Burn effect deals damage.,设置燃烧效果造成伤害的时长。
tooltip.bleed_duration,Sets how long the Bleed effect deals damage.,设置流血效果造成伤害的时长。
tooltip.base_heal,Sets healing before any mark bonus is added.,设置加入印记加成前的治疗量。
tooltip.heal_per_mark,Adds this much healing for every consumed mark.,每消耗一层印记增加这么多治疗。
tooltip.base_damage,Sets direct damage before any mark bonus is added.,设置加入印记加成前的直接伤害。
tooltip.mark_cooldown,Sets the time between harmless Priest mark shots.,设置牧师无伤害印记射击之间的时间。
tooltip.prayer_cooldown,Sets the wait after a successful Prayer before another Prayer can begin.,设置祈祷成功后再次开始祈祷前的等待时间。
tooltip.prayer_duration,Sets how long Prayer must channel before consuming marks.,设置祈祷消耗印记前必须引导的时长。
tooltip.prayer_movement,Sets the percentage of normal movement speed available while channeling Prayer.,设置引导祈祷时可用的正常移动速度百分比。
tooltip.interrupt_lockout,Sets how long Prayer cannot restart after a direct hit interrupts it.,设置直接命中打断祈祷后无法重新开始祈祷的时长。
tooltip.decay_floor,Marks at or below this count never decay.,印记数量不高于该值时不会衰减。
tooltip.decay_interval,Sets the time between Priest mark decay checks above the floor.,设置高于下限时牧师印记衰减检查之间的时间。
tooltip.decay_amount,Sets how many Priest marks decay at each interval above the floor.,设置每个衰减间隔中高于下限的牧师印记减少数量。
tooltip.priest_move_slow,Reduces the marked enemy's movement speed by this percentage for each Priest mark.,每层牧师印记使被标记敌人的移动速度降低该百分比。
tooltip.priest_attack_slow,Increases the marked enemy's attack cooldown by this percentage for each Priest mark.,每层牧师印记使被标记敌人的攻击冷却增加该百分比。
tooltip.priest_slow_example,At three marks this changes the target by up to {threeMarks}%.,三层印记时对目标的影响最多为 {threeMarks}%。
tooltip.arena_size,Sets the playable arena width and height.,设置可战斗场地的宽度和高度。
tooltip.fighter_size,Sets each fighter's collision and visual size.,设置每名角色的碰撞和显示尺寸。
tooltip.time_scale,Scales the speed of all battle time including movement and cooldowns.,缩放全部战斗时间的速度包括移动和冷却。
tooltip.multiplier_example,At {value} all affected values are scaled proportionally.,在 {value} 下所有受影响的数值会按比例缩放。
tooltip.starting_distance,Sets the distance between fighters at the start of the match.,设置比赛开始时两名角色之间的距离。
tooltip.distance_range,This arena currently allows {rangeMin} to {rangeMax} arena units.,当前场地允许 {rangeMin} 至 {rangeMax} 场地单位。
tooltip.projectile_multiplier,Scales every fighter's own projectile speed for this match.,缩放本局中每名角色自身的投射物速度。
tooltip.launch_delay,Sets the time from starting the battle to launch.,设置开始战斗到角色出发之间的时间。
tooltip.control_multiplier,Scales roots slows and other control-effect durations for this match.,缩放本局中禁锢、减速及其他控制效果的持续时间。
tooltip.contact_stop,Sets how long fighters remain stopped after contact when Stop on Contact is selected.,设置选择接触停止时角色接触后保持停止的时长。
tooltip.collision,Choose whether fighters bounce briefly stop or pass through one another on contact.,选择角色接触时反弹、短暂停止或相互穿过。
tooltip.start,Begin the configured duel.,开始当前配置的对决。
tooltip.back,Leave the battlefield and return to character selection.,离开战场并返回角色选择。
tooltip.settings,Open or close match settings.,打开或关闭对战设置。
tooltip.advanced_tuning,Allow values beyond standard limits where safe. Turning this off clamps values back to standard limits.,在安全范围内允许超出标准限制的数值。关闭后会将数值限制回标准范围。
tooltip.sword_width,Changes the sword's collision width when checking a hit.,改变剑命中判定时的碰撞宽度。
tooltip.sword_active,Changes how long the sword can hit after the swing begins.,改变挥剑开始后可以命中的时间。
tooltip.arrow_radius,Changes the arrow's collision radius when checking a hit.,改变箭矢命中判定时的碰撞半径。
tooltip.arrow_windup,Changes the time before the arrow is released.,改变箭矢发射前的准备时间。
tooltip.adjust_down,Decrease by one fine step.,减少一个精细步长。
tooltip.adjust_up,Increase by one fine step.,增加一个精细步长。
tooltip.expand_slider,Double this slider's active range around the current value.,将此滑块围绕当前数值的活动范围扩大一倍。
tooltip.reset_all,Restore every fighter and arena setting to its defaults.,将全部角色和场地设置恢复为默认值。
tooltip.reset_section,Restore this section to its saved character or arena defaults.,将此部分恢复为已保存的角色或场地默认值。
tooltip.save_default,Apply these values to this character on every side and save them as its defaults.,将这些数值应用于所有位置的该角色，并保存为默认值。
tooltip.theme,Choose the interface color theme.,选择界面颜色主题。
tooltip.language,Choose the interface language.,选择界面语言。
tooltip.category,Show characters in this category.,显示此类别中的角色。
tooltip.character,Choose this character for the active side.,为当前选中的一方选择该角色。
tooltip.side,Make this side the active side for character selection.,将该方设为当前角色选择方。
tooltip.settings_tab,Show settings for this match section.,显示此对决部分的设置。
tooltip.scroll_categories,Scroll the character-category list.,滚动角色类别列表。
tooltip.health_state,Current health: {current} of {maximum} HP.,当前生命值：{current} / {maximum} 生命值。
tooltip.cooldown_state,Attack cooldown: {elapsed} of {duration} seconds.,攻击冷却：{elapsed} / {duration} 秒。
tooltip.cooldown_ready,Attack is ready.,攻击已就绪。
tooltip.status,Current status: {status}.,当前状态：{status}。
tooltip.element_marks,Elemental marks: {count}. They increase the matching final spell.,元素印记：{count} 层。它们会增强对应的终结技。
tooltip.priest_marks,Priest marks: {count}. They slow the target and power Prayer.,牧师印记：{count} 层。它们会减速目标并强化祈祷。
side.left,Left,左方
side.right,Right,右方
side.badge_left,L,左
side.badge_right,R,右
selection.initial,Choose a character for the left side,为左方选择角色
selection.hint,"Select a side above, then choose a portrait",点击上方角色框，再选择头像
selection.choose_for,Choose a character for {side},为{side}选择角色
selection.click_for,Click to select for {side},点击为{side}选角
selection.switch_to,Switch to {side} selection,切换到{side}选角
selection.side_character,{side} Character,{side}角色
selection.active,Selecting,选择中
selection.summary,{side} · {category} / {count},{side} · {category} / {count}
selection.character_aria,Select {name},选择{name}
status.select_prompt,"Choose characters, then start the battle",选择角色后，点击开始战斗
status.selecting,Selecting for {side}. Choose a portrait below.,正在为{side}选角，请点击下方头像
status.category,Category: {category} · {count} characters,当前分类：{category} · {count} 个角色
status.selected,{side} selected {name},{side}已选择 {name}
view.selection,01 / Selection,01 / 选角
view.battle,02 / Battle,02 / 战场
battle.ready,Ready to enter,准备入场
battle.waiting,Ready · launching in {seconds} seconds,准备 · {seconds} 秒后随机方向出发
battle.running,Battle in progress · attacks fire when ready and in range,战斗中 · 攻击就绪且目标在范围内时出手
battle.finished,Duel over · return to selection to restart,对决结束 · 返回选角可重新开始
battle.status_waiting,Panels open · waiting for both fighters to launch,竖板已移开 · 等待双方出发
battle.status_running,Both fighters launched · return to selection at any time,双方已出发 · 可随时返回选角
battle.winner,{name} wins,{name} 获胜
battle.draw,Draw,平局
battle.rooted,Rooted {seconds}s,禁锢 {seconds}s
battle.slowed,Slowed {seconds}s,减速 {seconds}s
battle.burning,Burning {seconds}s,燃烧 {seconds}s
battle.bleeding,Bleeding {seconds}s,流血 {seconds}s
battle.praying,Praying {seconds}s,祈祷 {seconds} 秒
battle.prayer_interrupted,Prayer interrupted {seconds}s,祈祷被打断 {seconds} 秒
battle.priest_marks,Priest marks: {count},牧师印记：{count}
battle.companion_health,Companion health: {current} / {maximum},伙伴生命值：{current} / {maximum}
battle.command_meter,Command meter: {current} / {maximum},指挥值：{current} / {maximum}
battle.pack_wolf,Charging pack wolf,冲锋狼群成员
selection.coming_soon,{name} is coming soon.,{name} 即将推出。
selection.coming_soon_short,Coming soon,即将推出
tooltip.coming_soon,This summon fighter is planned for a future update.,该召唤角色计划在未来更新中推出。
battle.arcane_marks,Arcane Marks: {count},奥术印记：{count}
battle.element_marks,{theme} marks: {count},{theme}印记：{count}
battle.theme_ice,Ice,冰霜
battle.theme_fire,Fire,火焰
battle.theme_leech,Leech,汲取
customization.mage_cycles,Mage Spell Cycles,法师法术循环
customization.mage_ice,Ice Cycle,冰霜循环
customization.mage_fire,Fire Cycle,火焰循环
customization.mage_leech,Leech Cycle,汲取循环
customization.mage_ice_normal,Ice Bolt,冰霜飞弹
customization.mage_ice_theme,Frost Shard,霜寒碎片
customization.mage_ice_final,Glacier Nova,冰川新星
customization.mage_fire_normal,Fire Bolt,火焰飞弹
customization.mage_fire_theme,Scorch,灼烧
customization.mage_fire_final,Fireball,火球术
customization.mage_leech_normal,Leech Bolt,汲取飞弹
customization.mage_leech_theme,Blood Rend,血裂
customization.mage_leech_final,Life Drain,生命汲取
customization.damage,Damage,伤害
customization.mage_mark_duration,Mark Duration,印记持续时间
customization.mage_max_marks,Maximum Marks,最大印记层数
customization.mage_damage_per_mark,Final Damage per Mark,每层印记终结伤害
customization.mage_ice_slow,Ice Slow Factor,冰霜减速倍率
customization.mage_ice_slow_duration,Ice Slow Duration,冰霜减速持续时间
customization.mage_ice_freeze_base,Base Freeze Duration,基础冻结时间
customization.mage_ice_freeze_per_mark,Freeze per Mark,每层印记冻结时间
customization.mage_ice_burst_damage,Max Ice Burst Damage,满层冰爆伤害
customization.mage_ice_burst_radius,Max Ice Burst Radius,满层冰爆范围
customization.mage_fire_burn_damage,Burn Damage per Second,燃烧每秒伤害
customization.mage_fire_burn_duration,Burn Duration,燃烧持续时间
customization.mage_fire_explosion_radius,Fireball Explosion Radius,火球爆炸范围
customization.mage_fire_max_burn_damage,Max Fire Burn per Second,满层火焰燃烧每秒伤害
customization.mage_fire_max_burn_duration,Max Fire Burn Duration,满层火焰燃烧持续时间
customization.mage_leech_bleed_damage,Bleed Damage per Second,流血每秒伤害
customization.mage_leech_bleed_duration,Bleed Duration,流血持续时间
customization.mage_leech_heal_base,Base Life Drain Heal,基础生命汲取治疗
customization.mage_leech_heal_per_mark,Life Drain Heal per Mark,每层印记生命汲取治疗
customization.mage_leech_max_bleed_damage,Max Leech Bleed per Second,满层汲取流血每秒伤害
customization.mage_leech_max_bleed_duration,Max Leech Bleed Duration,满层汲取流血持续时间
battle.cooldown_ready,Attack ready,攻击就绪
battle.cooldown_progress,{elapsed} / {duration} seconds,{elapsed} / {duration} 秒
transition.lowering,Lowering the selection panel…,选角横板下移中…
transition.opening,Opening the character panels…,角色竖板向两侧开启…
transition.closing,Closing the character panels…,角色竖板向中间合拢…
transition.raising,Raising the selection panel…,选角横板上移中…
transition.reset,Animation reset. You can start again.,动画已重置，可以重新开始
bootstrap.loading,Loading language data… / 正在加载语言数据…,Loading language data… / 正在加载语言数据…
bootstrap.error,Unable to load language data. / 无法加载语言数据。,Unable to load language data. / 无法加载语言数据。
character.dongfang_changfan.name,Dong Fang Chang Fan,东方长凡
trait.myriad_star_fireflies.name,Myriad Star Fireflies,万星飞莹
trait.myriad_star_fireflies.description,"Enemy attacks, enemy damage taken and enemy hits on Dong Fang Chang Fan each grant one stack for 2 seconds. Each stack gives +200% attack speed, up to 3 stacks (+600%). Every attack creates exactly one star. Each source can hold only one stack; repeated events do not refresh it and cannot trigger again until it expires.",敌方发动攻击、敌方受到伤害、敌方命中东方长凡时，各提供一层持续 2 秒的万星飞莹。每层增加 200% 攻速，最多 3 层（攻速 +600%）。每次攻击固定生成 1 颗星星。每种来源最多一层，持续期间不能重复触发或刷新，到期后才能再次触发。
battle.star_passive,Myriad Star Fireflies: {count} stacks · +{bonus}% attack speed,万星飞莹：{count} 层 · 攻速 +{bonus}%
battle.star_enemy-attack,Enemy attack: {seconds}s,敌方出手：{seconds}秒
battle.star_enemy-hurt,Enemy hurt: {seconds}s,敌方受伤：{seconds}秒
battle.star_enemy-hit,Enemy hit: {seconds}s,敌方命中：{seconds}秒
trait.shield_flail.name,Shield & Chain Flail,坚盾链锤
trait.shield_flail.description,"The shield faces the enemy and absorbs 40 damage without regenerating; excess damage reaches health. With the shield: charge straight at high speed every 4s for 10 damage. After it breaks: throw one flail at the enemy position fixed at release. Flight, landing in a small area, and return each deal 10 damage. The head stays for 5s; its chain blocks movement while grounded. Re-entering contact with the grounded head deals 5 damage. Retrieve it before throwing again.",盾牌始终朝向敌人，拥有40耐久，优先承受伤害且不恢复，超出耐久的伤害扣除生命。持盾时每4秒高速直线冲撞，命中造成10点伤害。破盾后投出链锤，锁定出手时的敌人位置；飞出、落地小范围和收回命中各造成10点伤害。锤头落地保留5秒，期间链子阻挡通行；每次重新接触落地锤头造成5点伤害。收回后才能再次投出。
battle.guardian_shield,Shield durability,盾牌耐久
battle.shield_durability,Shield {value}/{maximum},盾 {value}/{maximum}
battle.shield_broken,Shield broken · Flail,破盾 · 链锤
battle.flail_grounded,Grounded · {seconds}s,落地 · {seconds}秒
battle.flail_returning,Retrieving flail,收回链锤
battle.flail_outbound,Throwing flail,投出链锤
hud.time,Elapsed,战斗计时
hud.time_scale,Battle speed,战斗速度
hud.health,Health,生命值
hud.attack,Damage,攻击
hud.interval,Attack interval,攻击间隔
hud.speed,Movement,移速
hud.armor,Damage reduction,伤害减免
hud.flail,Flail,链锤
hud.seconds,{seconds}s,{seconds} 秒
hud.shield_broken,Broken,已破碎
hud.charging,Shield charge underway,盾牌冲撞中
hud.shield_charge,Shield charge,盾牌冲撞
hud.chain_wall,Chain blocks passage,链墙已展开
hud.flail_return,Retrieving flail,链锤回收中
hud.flail_throw,Throwing flail,链锤飞行中
hud.flail_ready,Flail ready,链锤待命
hud.vines,Vine charge,藤箭蓄势
hud.vine_firing,Vine arrow released,藤箭发射中
hud.vine_next,Next arrow: vines,下一箭 · 缠绕
hud.bow,Bow shot,弓箭射击
hud.preparing,Preparing,准备交战
hud.star_haste,Attack speed +{bonus}%,攻击速度 +{bonus}%
hud.spell_step,Spell {step} / 3,元素法术 · 第 {step} 式
hud.target_marks,Marks on opponent,敌方印记
hud.priest,Prayer marks,祈祷印记
hud.defeated,Defeated,已退场
hud.duel_over,Duel complete,对决结束
hud.attacking,Attacking,正在出手
hud.next_attack,Ready in {seconds}s,攻击就绪还需 {seconds} 秒
hud.melee,Close combat,近身交锋
hud.running,Auto battle in progress,自动战斗中
hud.undecided,Outcome undecided,胜负未定
hud.event_ready,Both fighters take their places,双方入场，等待交锋
hud.event_shield,{target}'s shield absorbs {amount} damage,{target}的盾牌抵挡 {amount} 点伤害
hud.event_break,{name}'s shield breaks,{name}的盾牌破碎
hud.event_damage,{name} deals {amount} damage to {target},{name}对{target}造成 {amount} 点伤害
hud.event_dot,{target} takes {amount} damage over time,{target}受到 {amount} 点持续伤害
hud.event_heal,{name} recovers {amount} health,{name}恢复 {amount} 点生命
hud.event_land,{name}'s flail lands; the chain blocks passage,{name}的链锤落地，链墙展开
hud.event_return,{name} retrieves the flail,{name}开始收回链锤
hud.event_vines,{name}'s vines root {target},{name}的藤箭禁锢了{target}
hud.event_prayer,{name} begins to pray,{name}开始祈祷
hud.event_judgment,{name}'s prayer is answered,{name}的祈祷完成
hud.event_interrupt,{name}'s prayer is interrupted,{name}的祈祷被打断
hud.event_start,The duel begins,双方出发，对决开始
hud.event_charge,{name} charges with a shield,{name}发起盾牌冲撞
preset.open,Duel Presets,对决预设
preset.eyebrow,Duel Library,对决资料库
preset.heading,Duel Preset Browser,对决预设浏览器
preset.close,Close,关闭
preset.search_label,Search presets,搜索预设
preset.filter_label,Preset categories,预设类别
preset.filter_all,All,全部
preset.filter_builtin,Built-in,内置
preset.filter_mine,My Presets,我的预设
preset.save_current,Save Current Duel,保存当前对决
preset.import,Import JSON,导入 JSON
preset.save,Save,保存
preset.cancel,Cancel,取消
preset.builtin,Built-in,内置
preset.mine,Saved,已保存
preset.builtin.warrior_archer,Warrior vs Archer,战士对弓箭手
preset.builtin.guardian_mage,Guardian vs Mage,盾卫士对法师
preset.builtin.priest_beastmaster,Priest vs Beastmaster,牧师对兽王
preset.load,Load,加载
preset.more,More,更多
preset.more_for,More actions for {name},{name} 的更多操作
preset.export,Export JSON,导出 JSON
preset.rename,Rename,重命名
preset.delete,Delete,删除
preset.load_first_two,Load First Two Fighters,加载前两名角色
preset.extra_fighters,{count} fighters · use More to load the first two,{count} 名角色 · 在更多操作中加载前两名
preset.empty,No presets match this view.,没有符合条件的预设。
preset.name_label,Preset name,预设名称
preset.rename_label,New preset name,新预设名称
preset.untitled,Imported Duel,导入的对决
preset.replace_question,Replace the saved preset named {name}?,替换名为 {name} 的已保存预设吗？
preset.replace,Replace,替换
preset.keep_both,Keep Both,保留两份
preset.delete_question,Delete the preset named {name}?,删除名为 {name} 的预设吗？
preset.saved,Saved {name}.,已保存 {name}。
preset.renamed,Renamed to {name}.,已重命名为 {name}。
preset.deleted,Deleted {name}.,已删除 {name}。
preset.exported,Exported {name}.,已导出 {name}。
preset.loaded,Loaded {name}.,已加载 {name}。
preset.error,Unable to complete that preset action. Check the file or browser storage and try again.,无法完成预设操作。请检查文件或浏览器存储后重试。
feedback.character_default,Applied {name} values on every side and saved them for future resets.,已将 {name} 的数值应用于所有位置并保存，供以后重置使用。
feedback.reset_fighter,Reset {name} to its saved defaults.,已将 {name} 重置为保存的默认值。
feedback.reset_arena,Reset arena settings.,已重置竞技场设置。
feedback.reset_all,Reset all fighter and arena settings.,已重置所有角色和竞技场设置。
feedback.advanced_on,Advanced tuning enabled.,已启用高级调整。
feedback.advanced_off,Advanced tuning disabled.,已关闭高级调整。
feedback.language,Language changed.,语言已更改。
feedback.theme,Theme changed.,主题已更改。
feedback.theme_error,Unable to change the theme.,无法更改主题。
customization.guardian_heading,Guardian abilities,盾卫士技能
customization.guardian_durability,Shield durability,盾牌耐久
customization.guardian_shieldFlashDuration,Shield hit flash,盾牌受击闪光时长
customization.guardian_chargeSpeed,Charge speed,冲锋速度
customization.guardian_chargeDistance,Charge distance,冲锋距离
customization.guardian_chargeDamageFactor,Charge damage multiplier,冲锋伤害倍率
customization.guardian_throwSpeed,Flail throw speed,链锤投掷速度
customization.guardian_returnSpeed,Flail return speed,链锤收回速度
customization.guardian_headRadius,Flail head hitbox radius,锤头命中半径
customization.guardian_impactRadius,Landing impact radius,落地冲击半径
customization.guardian_groundDuration,Grounded duration,落地持续时间
customization.guardian_outboundDamageFactor,Outbound damage multiplier,飞出伤害倍率
customization.guardian_landingDamageFactor,Landing damage multiplier,落地伤害倍率
customization.guardian_returnDamageFactor,Return damage multiplier,收回伤害倍率
customization.guardian_contactDamage,Grounded contact damage,落地接触伤害
customization.guardian_chainWidth,Chain collision width,链条碰撞宽度
customization.guardian_windup,Attack windup,攻击前摇
customization.guardian_active,Melee hit window,近战命中时间
customization.guardian_duration,Attack animation duration,攻击动画时长
customization.guardian_equipmentScale,Equipment visual scale,装备视觉缩放
customization.guardian_chargeEnabled,Enable charge,启用冲锋
customization.guardian_flailEnabled,Enable flail,启用链锤
customization.guardian_autoSwitch,Switch to flail on shield break,破盾后自动切换链锤
customization.guardian_outboundEnabled,Enable outbound hit,启用飞出命中
customization.guardian_landingEnabled,Enable landing hit,启用落地命中
customization.guardian_returnEnabled,Enable return hit,启用收回命中
customization.guardian_contactEnabled,Enable grounded contact damage,启用落地接触伤害
customization.guardian_chainBlocking,Chain blocks movement,链条阻挡移动
customization.guardian_startingMode,Starting attack mode,初始攻击模式
customization.guardian_mode_charge,Charge,冲锋
customization.guardian_mode_flail,Flail,链锤
customization.star_heading,Myriad Star Fireflies,万星飞莹
customization.star_stackDuration,Stack duration,层数持续时间
customization.star_hastePerStack,Attack speed bonus per stack,每层攻速加成
customization.star_starsPerAttack,Stars per attack,每次攻击星星数量
customization.star_rearSpreadDegrees,Rear spawn angle,后方生成角度
customization.star_orbitRadiusMin,Minimum orbit radius multiplier,最小环绕半径倍率
customization.star_orbitRadiusMax,Maximum orbit radius multiplier,最大环绕半径倍率
customization.star_initialSpeedFactor,Initial speed multiplier,初始速度倍率
customization.star_accelerationFactor,Acceleration multiplier,加速度倍率
customization.star_lifetime,Star lifetime,星星存在时长
customization.star_radius,Star hitbox radius,星星命中半径
customization.star_windup,Attack windup,攻击前摇
customization.star_duration,Attack animation duration,攻击动画时长
customization.star_visualScale,Star visual scale,星星视觉缩放
customization.star_enemyAttack,Enemy attack grants stack,敌方出手获得层数
customization.star_enemyHurt,Enemy hurt grants stack,敌方受伤获得层数
customization.star_enemyHit,Enemy hit grants stack,敌方命中获得层数
unit.degrees,degrees,度
customization.guardian_auto_mode,Automatic shield/flail,自动坚盾/链锤
trait.shield_flail.tuned_description,"Shield absorbs {durability} damage. Attack mode: {mode}. Charge speed {chargeSpeed} over {chargeDistance} units. Flail stays grounded for {groundDuration}s. More combat and interaction values are in the tuning panel.","盾牌吸收 {durability} 点伤害。攻击模式：{mode}。冲锋速度 {chargeSpeed}，距离 {chargeDistance}。链锤落地持续 {groundDuration} 秒。更多战斗和交互数值见调节面板。"
trait.myriad_star_fireflies.tuned_description,"Enabled events grant independent stacks for {duration}s. Each stack adds {bonus}% attack speed; {sources} sources can grant stacks. Each attack creates {stars} stars. Star flight details are in the tuning panel.","启用的事件会提供持续 {duration} 秒的独立层数。每层增加 {bonus}% 攻速；{sources} 种来源可提供层数。每次攻击生成 {stars} 颗星星。星星飞行详情见调节面板。"
tooltip.special_setting,Changes this fighter's battle behavior.,调整该角色的战斗行为。
tooltip.special_switch,Toggle this battle rule for this fighter.,切换该角色的战斗规则。
tooltip.guardian_starting_mode,Used throughout the battle when automatic shield switching is off.,关闭破盾自动切换后全场使用此模式。
customization.guardian_shield,Shield,坚盾
customization.guardian_charge,Charge,冲锋
customization.guardian_flail,Chain Flail,链锤
customization.guardian_presentation,Timing and Appearance,时间与外观
customization.star_passive,Star Fireflies,万星飞莹
customization.star_flight,Star Flight,星星飞行
customization.star_presentation,Timing and Appearance,时间与外观
data.character_export,Export character default,导出角色默认值
data.character_import,Import character default,导入角色默认值
data.backup_export,Export all data,导出全部数据
data.backup_import,Import all data,导入全部数据
data.reload,Reload saved files,重新加载已保存文件
data.exported,JSON exported.,JSON 已导出。
data.imported,Character default saved.,角色默认值已保存。
data.error,Unable to read or save that JSON file.,无法读取或保存该 JSON 文件。
data.replace_confirm,Replace saved character defaults and personal presets with this backup?,是否用此备份替换已保存的角色默认值和个人预设？
data.reload_confirm,Discard unsaved edits and reload project files?,是否放弃未保存的更改并重新加载项目文件？
data.manage,Data files,数据文件
selection.grid_open,Open character grid,展开角色网格
selection.grid_eyebrow,CHARACTER ROSTER,角色阵容
selection.grid_heading,Choose your fighters,选择对战角色
selection.grid_side_label,Choose a side to customize,选择要设置的一方
selection.grid_side,Set {side},设置{side}
selection.grid_filter_label,Filter characters by category,按类别筛选角色
selection.grid_all,All characters,全部角色
global_settings.open,Open settings,打开设置
global_settings.close,Close settings,关闭设置
global_settings.heading,Settings,设置
global_settings.placeholder,More settings coming soon.,更多设置即将推出。
customization.open_properties,Open properties,打开属性面板
customization.close_properties,Close character panel,关闭角色面板
selection.grid_back_properties,Back to properties,返回属性面板
save.saving,Saving to project files…,正在保存到项目文件…
save.saved,Saved to project files,已保存到项目文件
save.waiting_for_server,Edits are kept in this browser. Start Arena Duel: Open & Save in VS Code to save project files.,更改已保留在此浏览器中。请在 VS Code 中运行 Arena Duel: Open & Save 以保存项目文件。
save.live_server,Live Server cannot write project files. Run Arena Duel: Open & Save in VS Code then move these edits.,Live Server 无法写入项目文件。请在 VS Code 中运行 Arena Duel: Open & Save 然后转移这些更改。
save.retrying,Project file save interrupted. Retrying automatically; your edits remain here.,项目文件保存中断。正在自动重试；更改仍保留在此处。
save.conflict,Some project values changed in another tab. Choose which values to keep for overlapping edits.,部分项目数值已在其他标签页更改。请选择重叠更改要保留的数值。
save.file_error,Project file save was refused. Check file permissions then retry; your edits remain here.,项目文件保存被拒绝。请检查文件权限后重试；更改仍保留在此处。
save.move,Move edits to project server,转移更改到项目服务器
save.keep_browser,Keep browser edits,保留浏览器更改
save.keep_project,Keep project values,保留项目数值
save.retry,Retry save,重试保存
save.allow_popup,Allow the project server tab to open then try again.,请允许打开项目服务器标签页后重试。
save.handoff_failed,Transfer did not finish. Your edits are still in this browser.,转移未完成。更改仍保留在此浏览器中。
save.overlap_confirm,There are {count} overlapping changes. OK keeps browser values; Cancel keeps project values. Other changes are merged.,有 {count} 处重叠更改。确定保留浏览器数值；取消保留项目数值。其他更改将合并。
